{
  "value": {
    "average": 1802.50509019146,
    "count": 18323,
    "max": 1930.1116943359375,
    "min": 1606.829833984375,
    "standard deviation": 67.6995770535779
  }
}